"baseMean","log2FoldChange","padj","gene_name"
56.6317502187481,-4.30832682118011,0.0439467008800851,"KIAA1217"
