"baseMean","log2FoldChange","padj","gene_name"
71.7438215247646,-2.73574420348653,0.105659618318385,"PROX1"
