"gene_id","MLB2_log2FC","VA1_log2FC","HAstV4_log2FC","gene_name"
"ENSG00000160781",6.44068028112307,5.87236784088892,6.94096325305349,"PAQR6"
"ENSG00000137959",2.86412747884669,8.75542503389199,10.3565488324846,"IFI44L"
"ENSG00000128536",6.68051623624899,6.48426674556102,5.96670417763076,"CDHR3"
"ENSG00000126787",5.24177920622852,4.03132712886623,4.91329028362655,"DLGAP5"
"ENSG00000176749",5.57961635058919,4.80919419125811,5.28693224322231,"CDK5R1"
"ENSG00000101347",-1.04090864840674,1.40001213065066,2.80615203205535,"SAMHD1"
